,Mkt-RF,SMB,HML,RMW,CMA,RF,excess_returns
2021-07-29,0.42,0.22,0.94,0.82,0.55,0.0,
2021-07-30,-0.66,-0.09,-0.18,0.57,0.42,0.0,0.009477364559073775
2021-08-02,-0.12,-0.14,-0.45,-0.07,-0.39,0.0,0.07197720254533091
2021-08-03,0.74,-0.39,0.93,0.65,0.27,0.0,0.24203818625319995
2021-08-04,-0.39,-0.98,-1.57,-0.37,-1.13,0.0,0.5040598405375005
2021-08-05,0.74,1.08,-0.12,-1.29,-0.4,0.0,-0.2758914382346368
2021-08-06,0.09,0.46,1.88,0.48,0.29,0.0,0.07926225238521489
2021-08-09,0.0,-0.46,-0.27,-0.64,-0.52,0.0,0.033084958463070135
2021-08-10,0.06,0.38,1.82,0.72,0.92,0.0,-0.050853477234386935
2021-08-11,0.2,0.3,1.44,0.91,0.56,0.0,-0.05098257452751043
2021-08-12,0.24,-0.68,-0.41,0.07,0.11,0.0,-0.0603633568174321
2021-08-13,0.02,-0.95,-0.27,0.7,-0.01,0.0,0.052598808196539615
2021-08-16,-0.03,-0.86,0.06,1.66,0.22,0.0,-0.06794395356180694
2021-08-17,-0.8,-0.5,-0.13,-0.3,0.08,0.0,-0.011019293767670302
2021-08-18,-0.96,0.1,-0.19,-0.32,-0.66,0.0,0.0670666636151267
2021-08-19,-0.13,-0.96,-0.83,1.38,-0.47,0.0,-0.10261045559512316
2021-08-20,0.92,0.87,-0.51,-0.36,-0.32,0.0,-0.0458715439708105
2021-08-23,1.07,0.75,-0.83,-1.85,-0.1,0.0,0.06214825431076898
2021-08-24,0.4,0.4,0.35,-0.72,0.02,0.0,0.09030691256148038
2021-08-25,0.27,0.06,0.36,-0.42,-0.01,0.0,-0.008100476250033739
2021-08-26,-0.65,-0.44,-0.33,-0.06,-0.12,0.0,-0.043282951239243084
2021-08-27,1.08,1.64,0.31,-0.69,0.16,0.0,0.00021336580031960928
2021-08-30,0.35,-0.69,-1.39,0.66,0.07,0.0,-0.06891400929900637
2021-08-31,-0.13,0.46,-0.04,-0.47,-0.2,0.0,0.01558204204139102
2021-09-01,0.11,0.4,-0.96,-0.45,-0.39,0.0,0.0056407942626677254
2021-09-02,0.35,0.2,-0.02,-0.44,0.59,0.0,-0.0017948848307196563
2021-09-03,-0.02,-0.56,-0.28,0.04,-0.31,0.0,-0.025623806728186094
2021-09-07,-0.36,-0.36,-0.08,-0.6,0.14,0.0,-0.028142963066865145
2021-09-08,-0.33,-0.74,0.07,0.74,0.2,0.0,-0.049371036751026165
2021-09-09,-0.28,0.25,0.09,-0.78,-0.27,0.0,0.030711599642132992
2021-09-10,-0.76,-0.03,0.02,0.2,-0.37,0.0,-0.0026647435466189417
2021-09-13,0.15,0.24,1.35,0.23,0.93,0.0,-0.013845025994054572
2021-09-14,-0.66,-0.67,-0.97,0.42,-0.47,0.0,-0.014285665964423933
2021-09-15,0.88,0.12,0.67,-0.24,0.43,0.0,0.046226847900052936
2021-09-16,-0.05,-0.1,-0.58,-0.42,-0.53,0.0,0.0019107196822440997
2021-09-17,-0.74,1.0,-0.05,-0.64,-0.48,0.0,0.010250305062107667
2021-09-20,-1.86,-0.57,0.22,0.78,0.23,0.0,-0.03964134645668371
2021-09-21,0.03,0.27,-0.68,-0.43,-0.36,0.0,0.03906634208311144
2021-09-22,1.0,0.14,0.61,-0.52,0.46,0.0,0.10853629825537814
2021-09-23,1.28,0.46,0.92,-1.02,0.22,0.0,-0.020051246160179503
2021-09-24,0.09,-0.4,0.71,0.57,0.23,0.0,-0.022420522640112517
2021-09-27,-0.11,1.71,2.44,-0.24,0.78,0.0,-0.0033400473477745996
2021-09-28,-2.17,-0.01,1.77,0.83,1.07,0.0,-0.003127779153224153
2021-09-29,0.04,-0.2,0.81,1.15,0.34,0.0,-0.03339305018908911
2021-09-30,-1.03,0.07,-0.77,-1.24,-0.37,0.0,-0.024344985185654977
2021-10-01,1.12,0.48,0.51,-0.09,0.55,0.0,-0.004277573606067286
2021-10-04,-1.42,0.41,2.35,0.69,1.1,0.0,-0.02315038628588162
2021-10-05,1.06,-0.58,-0.07,-0.09,-0.34,0.0,0.026386464898727313
2021-10-06,0.34,-1.0,-0.5,0.33,-0.68,0.0,0.0011902655023954267
2021-10-07,1.01,0.45,-0.18,-0.07,0.04,0.0,-0.005230651771752637
2021-10-08,-0.27,-0.46,1.13,0.09,0.6,0.0,-0.0014340672340389382
2021-10-11,-0.72,0.23,-0.28,-0.04,0.28,0.0,0.00694114226903797
2021-10-12,-0.08,0.55,-0.43,-0.88,-0.28,0.0,-0.03660567926547431
2021-10-13,0.43,-0.09,-1.05,-0.49,-0.79,0.0,-0.00024668941116079424
2021-10-14,1.65,-0.37,-0.28,0.0,-0.12,0.0,0.010118456139690313
2021-10-15,0.64,-1.13,0.29,0.37,-0.08,0.0,0.002443158401551626
2021-10-18,0.4,-0.41,-0.01,0.57,-0.08,0.0,-0.009261449298646252
2021-10-19,0.7,-0.48,-0.24,-0.17,0.1,0.0,0.02583023856449529
2021-10-20,0.34,0.23,1.2,0.28,0.55,0.0,0.0031175315524398783
2021-10-21,0.37,0.03,-0.99,0.31,-0.61,0.0,-0.013148530425104665
2021-10-22,-0.25,0.02,1.02,0.43,0.47,0.0,-0.04093989042355728
2021-10-25,0.56,0.36,-0.13,-0.42,-0.37,0.0,-0.014650210376843664
2021-10-26,0.05,-0.78,-0.3,-0.38,-0.15,0.0,0.014355329335707712
2021-10-27,-0.76,-0.94,-1.21,0.86,-0.63,0.0,-0.10437202678713797
2021-10-28,1.11,0.83,-0.5,-0.27,-0.17,0.0,0.0008465743554382232
2021-10-29,0.21,0.13,-0.83,0.56,-0.83,0.0,-0.014096419024315132
2021-11-01,0.5,2.05,0.44,-1.13,0.07,0.0,-0.0034315911464991578
2021-11-02,0.25,-0.33,-0.55,0.42,0.16,0.0,0.004017308765441374
2021-11-03,0.79,1.44,-0.16,0.21,-0.43,0.0,0.058588143433046413
2021-11-04,0.39,-0.29,-1.38,0.66,-0.74,0.0,0.0008099022288170499
2021-11-05,0.37,0.79,1.22,0.05,1.36,0.0,-0.001618596541272499
2021-11-08,0.16,0.02,0.1,-0.53,-0.12,0.0,0.026209166838539355
2021-11-09,-0.34,-0.13,0.46,0.59,0.29,0.0,-0.033701916659409914
2021-11-10,-1.04,-0.3,0.95,1.37,0.02,0.0,-0.06021795745313352
2021-11-11,0.17,0.62,0.35,0.14,0.1,0.0,-0.009278152912392423
2021-11-12,0.74,-0.46,-0.91,0.37,-0.29,0.0,0.030436083443297512
2021-11-15,-0.06,-0.45,0.7,0.53,0.5,0.0,-0.007100255793822119
2021-11-16,0.44,-0.16,-0.68,0.17,-0.65,0.0,-0.031178494883657204
2021-11-17,-0.41,-0.65,-0.26,0.81,0.18,0.0,-0.0292293444047782
2021-11-18,0.14,-0.75,-0.06,1.26,-0.11,0.0,-0.07147202874481029
2021-11-19,-0.25,-0.41,-1.31,1.03,-0.64,0.0,-0.05044221686509731
2021-11-22,-0.57,0.07,2.78,1.25,1.63,0.0,-0.03966883848257152
2021-11-23,-0.02,-0.19,1.77,0.25,1.15,0.0,-0.006824731789376481
2021-11-24,0.3,-0.14,-0.87,-0.54,-0.25,0.0,0.011934897947879053
2021-11-26,-2.24,-1.28,-0.95,0.26,-0.61,0.0,-0.0021443697971407216
2021-11-29,1.1,-1.31,-0.78,0.38,-0.31,0.0,-0.03044413965426296
2021-11-30,-1.95,0.18,-1.13,-0.09,0.39,0.0,-0.041743597100322716
2021-12-01,-1.59,-0.44,1.09,2.33,0.78,0.0,-0.07748651455279776
2021-12-02,1.53,1.0,1.25,-0.66,0.04,0.0,0.011282927468466264
2021-12-03,-1.19,-0.88,1.08,1.76,1.07,0.0,-0.1095041918319768
2021-12-06,1.2,0.84,0.63,0.1,0.62,0.0,0.016241317580550918
2021-12-07,2.22,-0.17,-1.78,-1.44,-0.47,0.0,0.03789954055541456
2021-12-08,0.46,0.35,-0.85,-0.97,0.19,0.0,0.043554764234753574
2021-12-09,-1.04,-1.05,1.55,1.44,1.0,0.0,-0.07630689369047916
2021-12-10,0.71,-0.87,0.52,1.38,0.77,0.0,-0.08124147416896266
2021-12-13,-1.04,-0.29,-0.99,0.31,-0.3,0.0,-0.021361073807952047
2021-12-14,-0.76,-0.35,1.65,0.41,0.18,0.0,-0.028934090360299147
2021-12-15,1.62,0.01,-1.91,0.05,-0.35,0.0,0.019341393385537975
2021-12-16,-1.19,-0.85,2.8,0.62,0.67,0.0,-0.06974362104366971
2021-12-17,-0.66,1.47,-2.34,-1.7,-0.37,0.0,0.05292177641246831
2021-12-20,-1.26,-0.21,-0.41,0.03,0.17,0.0,-0.0560209253117242
2021-12-21,2.06,0.67,0.19,-1.09,-0.24,0.0,0.04991678226595342
2021-12-22,0.97,0.18,-0.35,0.34,0.05,0.0,-0.029054470974245072
2021-12-23,0.72,0.28,-0.49,-0.37,-0.41,0.0,0.028291647524862462
2021-12-27,1.23,-0.13,0.31,0.98,0.45,0.0,-0.024338576389263955
2021-12-28,-0.26,-0.41,0.82,0.84,0.23,0.0,-0.053687621607694136
2021-12-29,0.07,-0.02,0.17,0.71,0.0,0.0,-0.019484248580091013
2021-12-30,-0.17,0.07,-0.41,-0.83,-0.44,0.0,0.06370544206342332
2021-12-31,-0.31,0.17,0.52,0.35,0.45,0.0,-0.024175852506203577
2022-01-03,0.72,0.44,0.77,-1.17,0.53,0.0,0.03828830497816904
2022-01-04,-0.27,-0.06,3.64,0.64,1.56,0.0,-0.05639918033660152
2022-01-05,-2.26,-0.93,2.58,1.41,1.29,0.0,-0.08160920157617157
2022-01-06,0.0,0.38,1.76,-0.56,0.01,0.0,-0.025031265956738213
2022-01-07,-0.49,-0.96,2.02,-0.13,0.85,0.0,0.01989733126667148
2022-01-10,-0.14,-0.31,-0.27,-0.06,-0.36,0.0,-0.017621188206151883
2022-01-11,1.08,-0.2,-0.27,-1.24,0.35,0.0,0.05124921257718662
2022-01-12,0.13,-0.85,0.52,0.77,0.29,0.0,-0.009750143138321898
2022-01-13,-1.55,0.88,2.39,1.18,1.04,0.0,-0.058461526724008395
2022-01-14,0.08,0.05,0.55,-0.85,0.52,0.0,-0.00849673940001927
2022-01-18,-2.06,-0.9,1.38,0.79,0.98,0.0,-0.05075810506863121
2022-01-19,-1.02,-0.36,-0.67,0.25,0.1,0.0,-0.035416617272075346
2022-01-20,-1.15,-0.84,-0.23,-0.31,0.09,0.0,-0.014398902663497637
2022-01-21,-2.09,0.39,0.47,1.03,0.54,0.0,-0.05186267786043963
2022-01-24,0.53,1.75,-0.25,-0.06,-0.67,0.0,0.01078585117566444
2022-01-25,-1.42,-0.18,2.8,-0.79,1.62,0.0,-0.0053353426398475845
2022-01-26,-0.29,-1.06,0.1,0.42,-0.02,0.0,-0.049042171185341155
2022-01-27,-0.76,-1.46,0.83,1.05,0.92,0.0,-0.06446415798318395
2022-01-28,2.46,-0.62,-2.08,0.16,0.16,0.0,0.09646855458044201
2022-01-31,2.32,0.7,-2.87,-1.82,-1.67,0.0,0.11154753553467023
2022-02-01,0.87,0.12,0.65,-1.1,0.33,0.0,0.03533568999855086
2022-02-02,0.51,-1.58,0.7,1.5,0.51,0.0,-0.04300335680348655
2022-02-03,-2.49,0.46,2.19,0.43,1.36,0.0,0.00927240774051552
2022-02-04,0.89,-0.3,-0.6,-1.73,-1.2,0.0,0.07279156992320068
2022-02-07,-0.24,0.67,0.2,-0.71,-0.01,0.0,-0.0836627425712666
2022-02-08,1.02,0.73,-0.29,0.93,-0.42,0.0,-0.03810206605212829
2022-02-09,1.6,0.02,-1.96,-1.1,-0.26,0.0,0.03961133994305177
2022-02-10,-1.69,0.02,1.23,-0.56,0.27,0.0,-0.028037339606513
2022-02-11,-1.91,0.92,2.13,-0.2,1.43,0.0,-0.014792955337853075
2022-02-14,-0.35,0.08,-0.62,0.69,-0.18,0.0,0.0022523038538180273
2022-02-15,1.85,1.02,-1.41,-0.68,-0.81,0.0,0.02397001390864273
2022-02-16,-0.02,0.04,0.32,0.61,0.42,0.0,-0.01170445109869267
2022-02-17,-2.29,-0.05,1.15,0.88,1.47,0.0,-0.09326426406627242
2022-02-18,-0.85,0.12,0.95,1.07,0.44,0.0,-0.035918333092514354
2022-02-22,-1.17,-0.36,0.09,-0.04,0.17,0.0,-0.04233700103595994
2022-02-23,-1.96,0.06,1.25,0.02,1.07,0.0,-0.03978786438937232
2022-02-24,1.87,0.69,-3.88,-1.79,-1.8,0.0,0.05985272493125149
2022-02-25,2.24,-0.14,1.19,0.36,-0.19,0.0,0.008688047420232214
2022-02-28,0.03,0.39,-0.46,-0.8,0.25,0.0,0.034453108013189127
2022-03-01,-1.55,-0.28,-0.85,-0.41,0.54,0.0,-0.01998332777221845
2022-03-02,1.82,0.63,1.3,0.52,0.47,0.0,-0.02378935223072276
2022-03-03,-0.86,-0.22,1.51,1.25,1.25,0.0,-0.009573512521187877
2022-03-04,-1.09,-0.52,0.72,0.37,1.23,0.0,-0.03690686046311864
2022-03-07,-3.14,0.73,0.89,-0.69,1.35,0.0,0.04197080625418903
2022-03-08,-0.53,1.0,0.3,-1.12,-0.24,0.0,0.028896665630596896
2022-03-09,2.79,0.01,-2.17,-0.41,-1.58,0.0,0.05702128308884635
2022-03-10,-0.47,0.3,1.18,-0.33,0.34,0.0,-0.029790650828199206
2022-03-11,-1.48,-0.12,1.76,0.97,0.64,0.0,-0.08547715491018404
2022-03-14,-1.04,-0.84,1.79,2.19,0.1,0.0,-0.033575392365136625
2022-03-15,2.15,-0.49,-2.37,0.77,-0.99,0.0,0.03661975185841149
2022-03-16,2.6,0.44,-1.85,-1.16,-1.58,0.0,0.15760867546471546
2022-03-17,1.42,0.16,-1.06,-1.61,-0.2,0.0,0.04773087817661059
2022-03-18,1.32,-0.19,-1.87,-0.55,-0.84,0.0,0.003734072873678551
2022-03-21,-0.17,-0.94,1.64,-0.2,1.55,0.0,-0.02901781263577352
2022-03-22,1.3,-0.22,-1.19,-0.82,-1.03,0.0,0.028352481237645444
2022-03-23,-1.25,-0.62,0.4,-0.51,1.52,0.0,-0.025335331643439263
2022-03-24,1.42,-0.32,-0.82,-0.48,-0.13,0.0,-0.009174303230812475
2022-03-25,0.28,-0.3,2.19,0.2,1.37,0.0,-0.04398145780451079
2022-03-28,0.73,-0.87,-1.72,0.51,-1.24,0.0,0.03389831030313828
2022-03-29,1.43,1.19,-1.92,-0.32,-0.99,0.0,0.2419983861240318
2022-03-30,-0.82,-1.12,0.4,0.37,0.92,0.0,-0.08485225900332105
2022-03-31,-1.54,0.62,-0.45,-0.22,0.4,0.0,-0.07211539563695324
2022-04-01,0.39,0.58,-0.61,-0.92,0.05,0.0,-0.0007402093791573083
2022-04-04,0.93,-0.56,-1.86,-0.77,-0.7,0.0,0.024444438793041146
2022-04-05,-1.54,-0.72,0.82,0.69,0.15,0.0,-0.057845278029509006
2022-04-06,-1.23,-0.3,1.08,0.23,0.88,0.0,-0.039907867593699575
2022-04-07,0.34,-0.61,-0.12,0.37,0.3,0.0,-0.035171904556946854
2022-04-08,-0.38,-0.53,2.27,0.37,1.04,0.0,-0.06876552980046646
2022-04-11,-1.54,0.62,1.05,0.46,0.1,0.0,0.009786531369352591
2022-04-12,-0.29,0.56,0.47,-0.24,1.07,0.0,0.007048451190949878
2022-04-13,1.39,0.61,-0.71,-1.0,0.0,0.0,0.04024497164174834
2022-04-14,-1.28,0.32,1.43,0.17,0.98,0.0,-0.04289320556397158
2022-04-18,-0.19,-0.58,1.8,0.77,0.67,0.0,-0.03427068008794254
2022-04-19,1.76,0.4,-0.97,0.54,-1.26,0.0,0.051865392208333194
2022-04-20,-0.27,0.5,1.26,0.77,1.18,0.0,-0.0735294420947703
2022-04-21,-1.73,-0.56,0.41,1.79,0.44,0.0,-0.025210126685525802
2022-04-22,-2.74,0.26,-0.18,-0.15,-0.21,0.0,-0.017241317886610097
2022-04-25,0.7,0.12,-1.86,0.11,-1.11,0.0,0.012670576173572368
2022-04-26,-2.99,-0.36,1.8,0.24,1.25,0.0,-0.03753612419978325
2022-04-27,0.13,-0.56,0.34,0.14,0.8,0.0,-0.04899997711181636
2022-04-28,2.45,-0.52,-0.42,0.48,0.05,0.0,0.06098842373784574
2022-04-29,-3.54,0.88,0.61,-0.24,0.68,0.0,-0.028245772358983956
2022-05-02,0.8,0.38,-1.16,-0.63,-1.35,0.001,0.06784234737904449
2022-05-03,0.41,0.16,1.65,0.01,1.19,0.001,-0.03725946348901388
2022-05-04,3.01,-0.47,0.24,0.02,0.07,0.001,0.07820784226189603
2022-05-05,-3.8,-0.23,2.37,0.59,1.22,0.001,-0.027605502018552275
2022-05-06,-0.85,-1.01,1.84,0.98,1.39,0.001,-0.04718282629347592
2022-05-09,-3.52,-0.05,1.33,4.26,-0.2,0.001,-0.0622648115188027
2022-05-10,0.22,-0.49,-1.22,-0.68,0.28,0.001,-0.02521047813013977
2022-05-11,-1.93,-0.61,2.61,0.62,1.02,0.001,-0.12181993354114584
2022-05-12,0.15,1.2,-1.23,-0.34,-1.12,0.001,0.04930684911373817
2022-05-13,2.74,0.37,-2.18,-2.14,-0.75,0.001,0.24783166546176172
2022-05-16,-0.59,0.09,1.31,0.19,1.31,0.001,-0.055256309305229956
2022-05-17,2.13,0.94,-0.05,-0.68,-0.31,0.001,-0.005945523121509199
2022-05-18,-4.06,0.46,1.54,-0.59,0.4,0.001,-0.033803266760991324
2022-05-19,-0.34,0.4,-0.81,-1.21,-0.91,0.001,0.04833201628911088
2022-05-20,-0.05,-0.13,-0.19,-0.1,0.19,0.001,-0.013732626244388313
2022-05-23,1.75,-0.92,1.31,-0.05,0.97,0.001,-0.002984077801659767
2022-05-24,-1.21,-0.46,1.83,1.39,1.26,0.001,-0.09543347150234505
2022-05-25,1.21,0.74,0.2,-0.51,-0.03,0.001,0.012172326024307512
2022-05-26,2.18,0.02,-0.61,-0.14,-0.35,0.001,0.004417139026504092
2022-05-27,2.58,0.03,-1.28,-0.65,-0.28,0.001,0.1175345272760625
2022-05-31,-0.71,-0.39,0.46,0.8,-0.21,0.001,-0.03182848663739679
2022-06-01,-0.74,0.23,0.8,-0.2,1.03,0.003,-0.0715885194112057
2022-06-02,2.08,0.4,-2.08,-0.42,-1.53,0.003,0.032218775638903296
2022-06-03,-1.63,1.03,0.55,-0.81,0.46,0.003,-0.057639148803379725
2022-06-06,0.33,0.04,0.66,0.47,0.17,0.003,-0.009543120950654013
2022-06-07,1.0,0.2,-0.15,-1.57,0.65,0.003,-0.0458100334079139
2022-06-08,-1.02,-0.27,-0.53,-0.7,-0.25,0.003,-0.04199084199268488
2022-06-09,-2.43,0.46,0.26,0.85,0.21,0.003,-0.04476615473627321
2022-06-10,-3.0,0.27,0.66,0.29,0.55,0.003,-0.030397235056974
2022-06-13,-4.12,-0.46,0.6,1.69,-0.31,0.003,-0.07726375517995654
2022-06-14,-0.26,0.11,0.11,0.11,0.05,0.003,-0.003
2022-06-15,1.55,-0.03,-1.67,-0.19,-1.15,0.003,-0.027896241751558134
2022-06-16,-3.52,-1.1,0.0,0.59,-0.62,0.003,-0.02569508083979066
2022-06-17,0.45,0.73,-2.68,0.37,-2.03,0.003,0.04054139282268021
2022-06-21,2.38,-0.83,0.24,-0.93,0.0,0.003,0.047069559200194955
2022-06-22,-0.19,0.05,-1.82,0.62,-1.59,0.003,-0.010947075245154255
2022-06-23,1.12,0.31,-3.89,0.5,-1.94,0.003,0.06242059585165671
2022-06-24,3.13,-0.42,-0.02,0.11,-0.37,0.003,-0.0004937367319911541
2022-06-27,-0.27,0.77,1.25,-0.33,1.27,0.003,0.13699998569488525
2022-06-28,-2.09,0.04,2.4,-0.69,1.33,0.003,-0.030960539214994306
2022-06-29,-0.19,-0.58,-1.34,1.08,-0.87,0.003,-0.04755719281304993
2022-06-30,-0.96,0.51,-0.14,0.9,-0.15,0.003,-0.032515937676315776
2022-07-01,1.15,-0.04,0.12,-0.8,-0.09,0.004,-0.008866175249831906
2022-07-05,0.48,1.12,-3.34,-1.85,-2.26,0.004,0.02289478058030037
2022-07-06,0.17,-0.87,-0.76,0.04,-0.35,0.004,0.023381012661389592
2022-07-07,1.76,0.87,-0.95,-0.8,-1.4,0.004,0.041191232694209434
2022-07-08,-0.07,0.08,-0.08,-0.26,-0.22,0.004,-0.006217345537544491
2022-07-11,-1.38,-0.99,1.61,1.7,1.4,0.004,-0.07733331637912322
2022-07-12,-0.89,0.88,0.52,0.16,0.92,0.004,0.003194180437007036
2022-07-13,-0.39,0.42,-0.41,0.03,-0.33,0.004,-0.008761900436850985
2022-07-14,-0.41,-0.45,-1.01,0.76,-0.01,0.004,-0.0183540538860234
2022-07-15,1.96,0.03,0.5,-0.18,-0.31,0.004,0.01663107779320683
2022-07-18,-0.71,0.35,1.01,0.2,-0.18,0.004,0.02097027847290534
2022-07-19,2.81,0.83,-0.54,-0.22,-0.66,0.004,0.04356378803426364
2022-07-20,0.89,1.08,-1.33,-1.47,-1.59,0.004,0.03808196297652433
2022-07-21,0.97,-0.38,-1.61,-0.26,-1.0,0.004,-0.004
2022-07-22,-1.18,-0.85,1.39,1.77,1.52,0.004,-0.03906906791255771
2022-07-25,0.12,0.1,1.65,0.64,0.54,0.004,-0.024925064094686974
2022-07-26,-1.32,0.37,1.07,0.65,1.23,0.004,-0.055743534351208046
2022-07-27,2.72,0.15,-1.27,-0.19,-1.5,0.004,0.051753178688015655
2022-07-28,1.2,-0.03,-0.92,0.14,-0.96,0.004,0.019595510915499496
2022-07-29,1.45,-0.91,0.45,0.49,-1.23,0.004,-0.010586110669982936
2022-08-01,-0.2,0.17,-0.24,0.22,0.36,0.008,-0.009104997643212591
2022-08-02,-0.5,0.56,-1.41,-2.23,-0.52,0.008,0.013017652785958019
2022-08-03,1.67,0.27,-1.95,-1.54,-0.85,0.008,0.10900985167315613
2022-08-04,-0.05,0.41,-1.65,-1.3,-0.94,0.008,0.04728609812078078
2022-08-05,-0.04,0.95,-0.05,-1.27,-0.21,0.008,-0.052117692174795664
2022-08-08,0.0,0.96,-0.09,-0.54,0.22,0.008,0.018923143934218574
2022-08-09,-0.67,-1.35,2.11,0.86,1.29,0.008,-0.06230710740944167
2022-08-10,2.35,0.75,-1.62,-1.37,-1.45,0.008,0.03952470535713771
2022-08-11,-0.07,0.21,1.67,0.78,1.0,0.008,-0.014616228291965842
2022-08-12,1.76,0.5,-0.8,-0.64,-0.59,0.008,0.03196194739746706
2022-08-15,0.38,-0.02,-0.61,-0.19,-0.05,0.008,-0.0006807025185375723
2022-08-16,0.19,-0.14,0.7,1.04,0.52,0.008,-0.017990972576277235
2022-08-17,-0.92,-0.92,1.04,1.27,0.71,0.008,-0.052036656792199924
2022-08-18,0.27,0.35,0.45,0.8,0.05,0.008,-0.03199232228114501
2022-08-19,-1.49,-0.94,0.98,1.03,1.35,0.008,-0.09747884371537996
2022-08-22,-2.13,-0.05,0.34,0.15,0.21,0.008,-0.03175812760162033
2022-08-23,-0.11,0.12,0.31,-0.36,-0.25,0.008,0.007486763707248441
2022-08-24,0.39,0.52,-0.62,-1.45,-0.56,0.008,0.007250477668231399
2022-08-25,1.45,0.12,-0.01,0.18,-0.39,0.008,0.04457518678510209
2022-08-26,-3.37,-0.27,1.66,0.16,0.89,0.008,-0.051832852883056495
2022-08-29,-0.71,-0.39,0.44,0.26,0.44,0.008,-0.008
2022-08-30,-1.11,-0.39,-0.22,-0.25,0.12,0.008,0.0015948988795140354
2022-08-31,-0.75,0.24,-0.47,-0.66,-0.18,0.008,0.0004477213780644876
2022-09-01,0.0,-1.05,-0.28,0.56,0.55,0.009,-0.0006230448054159645
2022-09-02,-0.99,0.1,1.03,-0.05,0.26,0.009,-0.027691620253031728
2022-09-06,-0.51,-0.54,-0.54,-0.2,-0.69,0.009,0.003698400844562086
2022-09-07,1.92,0.41,-1.54,-1.35,-0.54,0.009,0.020258170906415247
2022-09-08,0.78,-0.15,-0.18,-1.22,-1.06,0.009,0.016380709676957157
2022-09-09,1.67,0.37,-0.51,-0.14,-0.52,0.009,0.040504948625283206
2022-09-12,1.07,0.25,-0.17,-0.12,-0.16,0.009,0.0296792294959577
2022-09-13,-4.29,0.06,1.41,-0.37,1.0,0.009,-0.06349594632121656
2022-09-14,0.44,-0.18,-0.32,-0.78,-0.52,0.009,0.026542736885924463
2022-09-15,-1.04,0.39,0.61,-0.33,0.25,0.009,0.03459928373572108
2022-09-16,-0.98,-0.75,0.86,1.71,0.95,0.009,-0.0978888888888889
2022-09-19,0.72,-0.09,0.68,0.63,-0.06,0.009,-0.008024367913967203
2022-09-20,-1.15,-0.29,0.03,-0.12,0.33,0.009,-0.04018914633137482
2022-09-21,-1.68,0.35,0.06,0.38,0.12,0.009,-0.011012022629138354
2022-09-22,-1.14,-1.14,0.44,1.14,1.02,0.009,-0.036217787871685385
2022-09-23,-1.85,-0.46,-0.8,0.19,-0.18,0.009,-0.030761662844392405
2022-09-26,-1.02,-0.04,-0.75,0.16,-0.44,0.009,-0.030186421414757685
2022-09-27,-0.05,0.58,-0.97,-0.65,-0.92,0.009,0.03104327864981172
2022-09-28,2.14,0.9,-0.36,-0.87,-0.82,0.009,0.032623370082709775
2022-09-29,-2.16,-0.29,0.92,0.43,0.55,0.009,-0.03297600056248683
2022-09-30,-1.43,0.57,0.27,-0.66,-0.12,0.009,0.024776858571569867
2022-10-03,2.56,0.0,0.7,0.89,0.43,0.011,-0.011
2022-10-04,3.3,0.74,-0.09,-0.97,-0.39,0.011,0.06028705803570679
2022-10-05,-0.21,-0.37,0.05,0.34,0.14,0.011,-0.016545237304496963
2022-10-06,-0.85,0.45,0.12,-0.13,-0.51,0.011,0.027104074227767404
2022-10-07,-2.9,-0.22,1.68,0.93,1.57,0.011,-0.04412442999390208
2022-10-10,-0.8,0.24,0.76,1.54,0.44,0.011,-0.03692590074316836
2022-10-11,-0.7,0.62,0.33,0.57,0.61,0.011,-0.018604645807912646
2022-10-12,-0.27,0.02,0.04,0.01,0.03,0.011,0.010072823359321591
2022-10-13,2.41,-0.24,1.57,0.65,0.93,0.011,-0.013814233902496243
2022-10-14,-2.46,-0.18,1.23,0.55,1.73,0.011,-0.0806142768721959
2022-10-17,2.74,0.35,-1.41,-0.97,-1.29,0.011,0.021355883085511517
2022-10-18,1.19,-0.13,-0.02,-0.41,0.02,0.011,0.011526889459059341
2022-10-19,-0.87,-1.18,1.19,0.71,0.81,0.011,-0.04260918936492318
2022-10-20,-0.8,-0.32,-0.45,-0.61,0.13,0.011,-0.038695325665640476
2022-10-21,2.3,-0.07,0.09,0.68,-0.3,0.011,0.020536156869045318
2022-10-24,1.04,-0.61,0.47,1.14,0.54,0.011,-0.00409667727276607
2022-10-25,1.78,1.01,-1.53,-1.22,-1.34,0.011,0.04972476819222495
2022-10-26,-0.66,0.7,0.9,-0.73,0.69,0.011,0.012084026016728654
2022-10-27,-0.54,0.44,1.08,-0.3,0.47,0.011,-0.003779790229520564
2022-10-28,2.33,0.09,-0.34,0.4,0.66,0.011,0.019465963910092154
2022-10-31,-0.68,0.46,0.73,-0.22,0.44,0.011,0.0046522004500678775
2022-11-01,-0.35,0.45,0.8,0.02,0.54,0.014,0.006547925072554429
2022-11-02,-2.67,-0.84,1.6,0.31,1.16,0.014,-0.05762419919760152
2022-11-03,-1.03,0.39,0.28,-0.04,0.04,0.014,0.0675789768680435
2022-11-04,1.16,-0.25,1.28,2.33,0.65,0.014,-0.01805516553481344
2022-11-07,0.87,-0.33,0.6,1.1,1.01,0.014,-0.03435830663161675
2022-11-08,0.51,-0.53,-0.4,-0.16,0.05,0.014,-0.20435744078835816
2022-11-09,-2.24,-0.49,0.55,0.96,1.23,0.014,-0.15157702095244063
2022-11-10,5.68,0.96,-3.1,-0.64,-2.92,0.014,0.08957153318366708
2022-11-11,1.06,0.14,-1.05,-0.9,-1.22,0.014,0.11544981121981836
2022-11-14,-0.95,-0.23,0.36,0.57,0.54,0.014,-0.1009149784339357
2022-11-15,1.03,0.43,-0.73,-0.49,-0.54,0.014,0.04771539466702525
2022-11-16,-1.02,-1.07,0.58,1.16,0.95,0.014,-0.09577339457144095
2022-11-17,-0.42,-0.27,0.56,1.36,0.81,0.014,0.0020944825232010033
2022-11-18,0.4,-0.09,0.11,0.38,0.71,0.014,-0.043567125528007775
2022-11-21,-0.52,-0.2,0.99,0.5,1.14,0.014,-0.050996650102065985
2022-11-22,1.36,-0.38,0.44,0.78,-0.23,0.014,0.013118617036523407
2022-11-23,0.63,-0.25,-0.93,-0.73,-0.62,0.014,0.026704057134008266
2022-11-25,-0.03,0.28,0.43,-0.17,0.13,0.014,-0.021399544877584428
2022-11-28,-1.55,-0.49,-0.19,0.26,0.29,0.014,-0.03529933499754066
2022-11-29,-0.19,0.35,1.04,0.21,0.51,0.014,-0.015088060463992347
2022-11-30,3.12,-0.15,-2.08,-0.77,-1.47,0.014,0.030662291261684307
2022-12-01,-0.02,0.04,-0.69,-0.34,-0.36,0.016,0.013197051982906563
2022-12-02,-0.08,0.84,-0.56,-0.4,0.26,0.016,-0.0038419567426079965
2022-12-05,-2.02,-0.53,-0.54,0.87,1.1,0.016,-0.04803200221779423
2022-12-06,-1.51,-0.03,1.14,0.86,0.77,0.016,-0.044955504732374404
2022-12-07,-0.24,-0.18,-0.32,0.09,-0.16,0.016,-0.029844527123298867
2022-12-08,0.76,-0.1,-1.2,-0.56,-0.63,0.016,0.012077777802952841
2022-12-09,-0.8,-0.53,0.34,0.19,0.13,0.016,-0.03805882647576085
2022-12-12,1.41,-0.27,-0.16,-0.23,-0.13,0.016,0.013001019540284112
2022-12-13,0.66,0.07,-0.77,-0.27,-0.54,0.016,-0.04000830313862379
2022-12-14,-0.56,0.03,-0.45,-0.19,-0.07,0.016,-0.04380750997584114
2022-12-15,-2.57,-0.13,1.39,0.25,0.42,0.016,-0.062204628079612564
2022-12-16,-1.02,0.54,0.17,-0.08,0.46,0.016,-0.022920463562711588
2022-12-19,-1.0,-0.6,1.25,0.73,1.2,0.016,-0.06361903179568017
2022-12-20,0.13,0.25,0.25,-0.46,0.48,0.016,-0.028195052453833122
2022-12-21,1.53,0.14,-0.12,0.39,-0.29,0.016,-0.007358062774372773
2022-12-22,-1.52,0.22,0.38,-0.13,0.89,0.016,-0.03803186089288667
2022-12-23,0.52,-0.35,1.16,0.86,0.53,0.016,-0.02100625319134762
2022-12-27,-0.5,-0.42,1.42,1.15,1.35,0.016,-0.04744654163496252
2022-12-28,-1.24,-0.3,-0.28,-0.93,-0.08,0.016,-0.016
2022-12-29,1.87,1.02,-1.06,-1.03,-0.9,0.016,0.029454596122013413
2022-12-30,-0.22,0.14,-0.04,-0.54,-0.02,0.016,-0.004819857086279841
2023-01-03,-0.47,0.08,-0.1,0.27,0.54,0.017,-0.024371058610079474
2023-01-04,0.81,0.56,0.05,-0.69,0.0,0.017,0.01765343262562359
2023-01-05,-1.14,0.17,1.2,0.81,0.9,0.017,-0.04690430744818529
2023-01-06,2.21,-0.01,0.03,0.82,0.18,0.017,0.00026268178168011025
2023-01-09,0.04,0.33,-1.23,-0.65,-1.16,0.017,0.019363659483013676
2023-01-10,0.79,0.87,-0.56,-0.4,-0.5,0.017,0.0028830494153865432
2023-01-11,1.25,0.01,-0.83,-0.19,-1.07,0.017,-0.012412848551820552
2023-01-12,0.45,1.4,-0.27,-1.1,-0.51,0.017,0.014963439001751136
2023-01-13,0.46,0.24,-0.31,-0.14,-0.29,0.017,0.013973421919550325
2023-01-17,-0.18,-0.01,-0.55,-0.61,-0.43,0.017,0.004459310030934818
2023-01-18,-1.55,0.02,-0.71,0.27,0.02,0.017,-0.03905882647576085
2023-01-19,-0.86,-0.1,0.84,0.54,0.7,0.017,-0.04492698358358836
2023-01-20,1.94,-0.04,-0.68,-0.17,-0.8,0.017,0.03493373006886581
2023-01-23,1.28,-0.04,-0.99,-0.41,-1.04,0.017,0.0029579381562271495
2023-01-24,-0.16,-0.16,0.18,-0.19,0.38,0.017,-0.017
2023-01-25,0.0,0.13,0.69,0.06,0.21,0.017,-0.01905977937024693
2023-01-26,1.09,-0.64,0.01,-0.2,-0.47,0.017,-0.02215988020905256
2023-01-27,0.34,0.33,-1.13,-0.6,-1.29,0.017,0.060800827104689495
2023-01-30,-1.38,0.03,0.74,0.36,0.93,0.017,-0.04009920277786337
2023-01-31,1.58,0.93,-0.06,-0.1,-0.55,0.017,0.008615787059456662
2023-02-01,1.19,0.63,-1.65,-0.12,-1.15,0.018,0.017542736885924465
2023-02-02,1.54,1.15,-2.07,-0.24,-1.76,0.018,0.015395233698427786
2023-02-03,-1.08,0.4,0.98,1.01,1.05,0.018,-0.05390669298716387
2023-02-06,-0.73,-0.8,0.43,-0.23,0.46,0.018,-0.031035325198508806
2023-02-07,1.25,-0.5,-0.04,0.3,-0.36,0.018,-0.02271699895617672
2023-02-08,-1.18,-0.69,0.71,-0.29,-0.04,0.018,-0.025582931019879167
2023-02-09,-0.94,-0.61,0.21,0.31,0.38,0.018,-0.05524931550870214
2023-02-10,0.12,-0.3,1.5,0.54,0.91,0.018,-0.027920672839942023
2023-02-13,1.14,0.09,-0.73,0.49,-0.31,0.018,-0.024011970811066746
2023-02-14,0.12,-0.05,-0.68,-0.61,-0.94,0.018,-0.003887062273586244
2023-02-15,0.5,0.72,-0.91,-1.19,-1.06,0.018,0.038660007062498294
2023-02-16,-1.37,0.22,0.97,0.81,0.92,0.018,-0.045281275515609884
2023-02-17,-0.28,0.66,-0.14,0.14,0.56,0.018,-0.017032859890303325
2023-02-21,-2.16,-1.13,0.88,0.38,0.83,0.018,-0.061478332981042424
2023-02-22,-0.04,0.44,-0.46,-0.35,-0.43,0.018,-0.012949475488738687
2023-02-23,0.47,0.12,-0.23,0.2,-0.49,0.018,-0.003929613466686615
2023-02-24,-1.08,-0.24,1.26,0.31,0.42,0.018,-0.06755401312573416
2023-02-27,0.31,0.05,-0.3,0.07,-0.45,0.018,-0.004444201003913833
2023-02-28,-0.26,0.52,-0.69,-0.57,-0.18,0.018,0.018008170594669987
2023-03-01,-0.41,0.39,0.62,0.15,0.73,0.016,-0.04976367059500962
2023-03-02,0.67,-0.52,-0.44,-0.12,0.16,0.016,-0.027305206767971088
2023-03-03,1.61,-0.08,-0.54,-0.37,-0.77,0.016,0.013106001694605643
2023-03-06,-0.13,-1.57,-0.08,0.31,-0.12,0.016,-0.034181753377500165
2023-03-07,-1.45,0.63,-0.68,-0.13,-0.12,0.016,-0.04686421630588787
2023-03-08,0.08,0.07,-0.39,0.43,-0.15,0.016,0.008416087088485083
2023-03-09,-2.02,-0.7,-0.76,1.06,0.74,0.016,-0.037761662844392405
2023-03-10,-1.68,-1.41,0.72,1.08,1.16,0.016,-0.06155078078552255
2023-03-13,-0.34,-1.17,-3.6,-1.09,-0.73,0.016,-0.018219806576648
2023-03-14,1.72,0.01,-0.36,-0.15,-0.46,0.016,-0.002651847762599399
2023-03-15,-0.79,-0.51,-1.84,0.31,-0.44,0.016,-0.006120729310683956
2023-03-16,1.76,0.01,-0.16,0.13,-0.72,0.016,-0.004043411670423755
2023-03-17,-1.21,-1.06,-1.63,0.27,-0.24,0.016,-0.028889455835098596
2023-03-20,0.84,-0.35,0.78,0.51,0.76,0.016,-0.05843736751423999
2023-03-21,1.49,0.47,0.73,-0.26,-1.21,0.016,0.045363630698732185
2023-03-22,-1.74,-0.8,-0.53,0.79,0.23,0.016,-0.05989719921990665
2023-03-23,0.21,-0.43,-1.54,0.15,-0.85,0.016,-0.056313616802779784
2023-03-24,0.46,0.18,0.71,0.3,0.38,0.016,-0.003164455744613756
2023-03-27,0.28,0.5,1.03,-0.21,0.41,0.016,-0.02406459055730613
2023-03-28,-0.17,-0.03,0.75,0.11,0.47,0.016,-0.009031309871172052
2023-03-29,1.39,-0.36,-0.54,-0.92,-0.57,0.016,0.033596343874496185
2023-03-30,0.51,-0.62,-0.6,0.21,-0.07,0.016,0.02356040017430218
2023-03-31,1.53,0.49,-0.76,-0.48,-0.82,0.016,0.01042706120421634
2023-04-03,0.28,-0.17,0.79,0.55,0.71,0.018,-0.012850649790068874
2023-04-04,-0.72,-1.13,-0.72,-0.05,-0.01,0.018,-0.018
2023-04-05,-0.39,-1.0,1.4,0.79,1.29,0.018,-0.01902461359091399
2023-04-06,0.34,-0.03,-0.51,-0.44,-0.16,0.018,0.008666690141726736
2023-04-10,0.2,0.85,0.26,-0.02,-0.13,0.018,-0.02099707152442885
2023-04-11,0.06,0.69,0.55,0.05,0.13,0.018,-0.020003958417504446
2023-04-12,-0.51,-0.43,0.37,0.48,0.45,0.018,-0.012979900547855232
2023-04-13,1.39,0.15,-1.19,-0.26,-0.75,0.018,-0.012006047495456845
2023-04-14,-0.23,-0.76,0.2,0.72,0.13,0.018,-0.0249513105209128
2023-04-17,0.33,0.71,-0.2,-1.29,-0.33,0.018,-0.029999988555908224
2023-04-18,0.04,-0.41,-0.31,0.05,0.18,0.018,-0.022048579088026692
2023-04-19,-0.04,0.27,0.42,0.01,0.11,0.018,-0.020032566814382573
2023-04-20,-0.61,0.14,-0.28,0.73,0.53,0.018,-0.0271649852734037
2023-04-21,0.08,0.09,-0.95,-0.63,-0.18,0.018,-0.027249661166262356
2023-04-24,0.0,-0.27,0.46,0.68,0.32,0.018,-0.042896339859440066
2023-04-25,-1.76,-0.82,0.09,0.43,0.96,0.018,-0.05097866792795157
2023-04-26,-0.42,-0.04,-0.74,0.02,-0.39,0.018,-0.04770302015746429
2023-04-27,1.85,-0.6,0.0,0.45,-0.25,0.018,-0.018
2023-04-28,0.78,0.22,0.19,0.13,0.22,0.018,-0.014598561487126443
2023-05-01,-0.02,0.19,-0.82,-0.39,0.24,0.016,-0.01938990794941929
2023-05-02,-1.27,-0.74,-1.46,0.61,0.17,0.016,-0.056816289017391094
2023-05-03,-0.57,0.88,-1.03,-0.93,-0.41,0.016,-0.025456255714577644
2023-05-04,-0.78,-0.52,-1.04,-0.61,-0.32,0.016,-0.004066894220790637
2023-05-05,1.91,0.5,0.69,0.26,-0.72,0.016,0.027632176793233945
2023-05-08,0.07,-0.38,-0.3,-0.54,-0.38,0.016,-0.0092203996207718
2023-05-09,-0.43,0.11,-0.02,-0.4,-0.43,0.016,0.00644666809093454
2023-05-10,0.43,0.2,-1.32,-0.13,-0.83,0.016,-0.020390775341435616
2023-05-11,-0.2,-0.52,-0.09,0.84,0.13,0.016,0.047947072019972184
2023-05-12,-0.22,-0.1,0.34,0.38,0.48,0.016,-0.11030050605024831
2023-05-15,0.46,0.8,0.02,-0.65,-0.53,0.016,-0.026297500565766727
2023-05-16,-0.72,-0.46,-0.48,0.79,-0.13,0.016,-0.050681994253257576
2023-05-17,1.31,0.85,1.22,-0.3,-0.32,0.016,-0.0028263890237229944
2023-05-18,0.99,-0.23,-0.38,0.19,-0.71,0.016,0.0029125114291552873
2023-05-19,-0.26,-0.38,-0.32,-0.02,0.14,0.016,-0.033401348088364244
2023-05-22,0.17,1.12,-0.2,-1.26,-0.94,0.016,0.018238483200751623
2023-05-23,-1.1,0.6,1.09,0.18,0.24,0.016,-0.0251324111433575
2023-05-24,-0.72,-0.39,-0.2,-0.03,-0.07,0.016,-0.025216580748084957
2023-05-25,0.65,-1.04,-1.08,1.8,-1.32,0.016,-0.016
2023-05-26,1.32,-0.3,-0.86,-0.23,-0.58,0.016,0.00958131437162725
2023-05-30,-0.01,-0.25,-0.42,-0.29,-0.98,0.016,-0.004662087876441831
2023-05-31,-0.6,-0.26,-1.16,-1.11,0.12,0.016,-0.016
2023-06-01,1.02,0.07,-0.06,0.03,-0.41,0.019,-0.007789194998384468
2023-06-02,1.62,1.72,1.66,0.36,0.71,0.019,0.016476682769876034
2023-06-05,-0.26,-1.11,-0.75,-0.65,-0.47,0.019,-0.05219062254306338
2023-06-06,0.46,2.25,1.35,-0.2,-0.46,0.019,-0.009033205398747284
2023-06-07,-0.36,1.89,2.28,0.76,1.39,0.019,0.01170172549174588
2023-06-08,0.59,-0.78,-1.16,-0.15,-0.55,0.019,-0.008361661114049661
2023-06-09,0.03,-0.8,-0.41,0.09,-0.22,0.019,-0.028473700272409568
2023-06-12,0.94,-0.26,-1.41,-0.29,-0.78,0.019,-0.024313516636093695
2023-06-13,0.74,0.53,0.06,-0.5,-0.52,0.019,0.006641104016630001
2023-06-14,-0.03,-1.05,-0.92,0.69,-0.27,0.019,0.017458272279966897
2023-06-15,1.22,-0.37,0.09,0.11,-0.03,0.019,-0.01598495140238519
2023-06-16,-0.45,-0.51,0.22,0.22,0.41,0.019,-0.013989960618409163
2023-06-20,-0.49,0.2,-0.69,-0.08,-0.56,0.019,-0.021991000375859864
2023-06-21,-0.56,0.29,0.53,0.61,0.93,0.019,-0.042999977111816454
2023-06-22,0.32,-0.96,-1.26,0.2,-0.55,0.019,-0.05076233733062262
2023-06-23,-0.84,-0.6,0.07,0.23,0.11,0.019,-0.014767199718479378
2023-06-26,-0.48,-0.01,1.29,0.61,0.81,0.019,-0.0042475925501251725
2023-06-27,1.21,0.32,-0.51,0.25,-0.72,0.019,0.013191013733999352
2023-06-28,0.03,0.48,-0.44,-0.64,-0.44,0.019,0.005144943151317877
2023-06-29,0.44,0.76,0.78,0.6,0.48,0.019,-0.03962868682235708
2023-06-30,1.14,-0.72,-0.78,-0.05,-0.33,0.019,-0.0179970636971206
2023-07-03,0.15,0.27,1.06,0.16,0.11,0.022,0.04613630624910894
2023-07-05,-0.29,-1.06,-0.26,-0.29,-0.01,0.022,-0.016371442732124854
2023-07-06,-0.94,-0.59,-0.69,0.57,0.05,0.022,-0.05091794887078114
2023-07-07,-0.13,1.3,1.21,-0.23,0.18,0.022,0.014503373680200736
2023-07-10,0.36,1.24,-0.01,-1.02,0.54,0.022,0.01692493769961214
2023-07-11,0.76,0.18,0.48,-0.22,0.28,0.022,0.03330775053071002
2023-07-12,0.74,0.37,0.46,-0.31,-0.44,0.022,-0.012701635047620098
2023-07-13,0.9,-0.07,-0.1,-0.17,-0.67,0.022,0.020713588509645907
2023-07-14,-0.25,-0.69,-1.52,0.43,-0.55,0.022,-0.027622465533865027
2023-07-17,0.48,0.64,-0.27,-0.4,-0.05,0.022,-0.013114728945039712
2023-07-18,0.78,0.44,1.08,0.63,-0.45,0.022,-0.013993564187169329
2023-07-19,0.25,0.26,1.32,0.15,0.17,0.022,0.02009688058361527
2023-07-20,-0.81,-0.34,0.65,0.46,1.47,0.022,-0.04562800828097511
2023-07-21,-0.05,-0.37,-0.36,-0.15,0.11,0.022,-0.02590321538618332
2023-07-24,0.31,-0.03,0.76,0.96,-0.23,0.022,-0.02356743396590242
2023-07-25,0.25,-0.23,-0.78,0.49,-0.4,0.022,-0.03769857243785355
2023-07-26,0.01,0.87,1.02,-0.37,0.66,0.022,-0.006051051844215151
2023-07-27,-0.74,-0.81,0.28,0.39,0.15,0.022,-0.06203141585905023
2023-07-28,1.13,0.43,-0.34,-0.75,-0.39,0.022,0.018883075937431458
2023-07-31,0.25,1.0,-0.09,-0.96,0.07,0.022,-0.011787893235219983
2023-08-01,-0.34,-0.12,0.31,0.19,-0.28,0.02,-0.019222377204602497
2023-08-02,-1.49,-0.05,0.57,0.7,0.66,0.02,-0.0534110574203087
2023-08-03,-0.19,0.02,0.08,0.31,-0.34,0.02,-0.09234723865662241
2023-08-04,-0.48,0.07,0.76,-0.17,-0.65,0.02,-0.042530349197686376
2023-08-07,0.78,-1.09,0.6,0.65,-0.1,0.02,-0.014680813737848002
2023-08-08,-0.47,0.09,0.15,0.47,0.02,0.02,-0.041164000695660716
2023-08-09,-0.78,-0.01,-0.04,0.87,0.01,0.02,-0.04702704328151951
2023-08-10,0.01,-0.45,-0.67,-0.03,-0.05,0.02,-0.02648154141317403
2023-08-11,-0.11,0.24,0.45,-0.2,0.37,0.02,-0.020931898940737086
2023-08-14,0.51,-0.85,-0.77,0.11,-0.63,0.02,-0.026529911077878925
2023-08-15,-1.18,0.0,-1.03,0.2,0.04,0.02,-0.042535190583535706
2023-08-16,-0.81,-0.47,-0.14,0.38,0.02,0.02,-0.04113355141724616
2023-08-17,-0.87,-0.18,0.49,0.49,0.2,0.02,-0.03177624048092119
2023-08-18,0.04,0.41,-0.22,0.07,-0.12,0.02,-0.0021250932839356022
2023-08-21,0.64,-0.88,-0.59,0.19,-0.86,0.02,-0.006341429919731283
2023-08-22,-0.32,-0.01,-1.04,-0.33,-0.23,0.02,-0.020962485904850153
2023-08-23,1.08,-0.22,-0.12,-0.39,-0.24,0.02,-0.008439317510976246
2023-08-24,-1.42,0.01,0.62,0.52,0.38,0.02,-0.032380963280087424
2023-08-25,0.65,-0.24,-0.57,-0.36,-0.17,0.02,-0.003606549838955902
2023-08-28,0.63,0.09,0.41,0.27,0.04,0.02,-0.019051211677606244
2023-08-29,1.5,-0.08,-0.12,-0.05,-0.43,0.02,0.02454978753854122
2023-08-30,0.41,0.09,-0.46,-0.43,-0.03,0.02,-0.016370239547054837
2023-08-31,-0.08,-0.2,0.22,0.04,-0.24,0.02,-0.035370711559144494
2023-09-01,0.26,0.85,0.58,-0.01,-0.21,0.021,-0.0007980434877227043
2023-09-05,-0.54,-1.57,-0.87,-0.31,-0.49,0.021,-0.04710260763408146
2023-09-06,-0.71,0.01,-0.18,-0.46,0.1,0.021,-0.02377261865224854
2023-09-07,-0.4,-0.69,0.02,-0.2,0.01,0.021,-0.025633937989956817
2023-09-08,0.12,-0.51,0.4,0.29,0.01,0.021,-0.021
2023-09-11,0.66,-0.47,-0.53,-0.48,-0.36,0.021,-0.01168897731835648
2023-09-12,-0.59,0.2,1.01,0.26,0.21,0.021,-0.024690033329333266
2023-09-13,0.04,-0.87,-0.2,0.26,-0.36,0.021,-0.03766669462933901
2023-09-14,0.83,0.49,0.86,0.82,0.03,0.021,-0.025708115939139558
2023-09-15,-1.21,0.21,0.25,-0.33,0.48,0.021,-0.011539225699439642
2023-09-18,-0.04,-0.83,-0.18,0.19,-0.04,0.021,-0.027560421211217916
2023-09-19,-0.26,-0.11,0.0,0.33,0.3,0.021,-0.03326416129835029
2023-09-20,-0.95,-0.05,0.26,0.27,0.5,0.021,-0.044877745331800764
2023-09-21,-1.68,0.34,0.38,0.56,0.12,0.021,-0.059160502263483225
2023-09-22,-0.25,-0.1,-0.5,0.18,-0.18,0.021,-0.03422483371819883
2023-09-25,0.39,-0.07,0.33,0.59,-0.47,0.021,-0.023061804585836603
2023-09-26,-1.46,0.36,-0.5,-0.35,-0.07,0.021,-0.03649592639210818
2023-09-27,0.13,0.77,0.1,0.19,-0.26,0.021,-0.01680273211187609
2023-09-28,0.65,0.19,0.03,0.43,-0.03,0.021,-0.009505682982304458
2023-09-29,-0.28,-0.02,0.32,-0.19,-0.15,0.021,-0.007570236534867641
2023-10-02,-0.14,-1.28,-1.05,0.87,-0.53,0.021,-0.02915503302328069
2023-10-03,-1.49,-0.26,-0.14,0.3,0.15,0.021,-0.04155496594804252
2023-10-04,0.77,-0.53,-0.37,-0.39,-0.32,0.021,-0.005260170366466404
2023-10-05,-0.15,0.28,0.1,-0.45,-0.12,0.021,-0.01583478972270123
2023-10-06,1.21,-0.45,-0.56,-0.32,-0.51,0.021,-0.00044493603814875146
2023-10-09,0.59,-0.16,0.25,0.82,-0.39,0.021,-0.027042338144282235
2023-10-10,0.6,0.33,0.63,-0.23,0.2,0.021,-0.0037760812294765737
2023-10-11,0.33,-0.65,0.38,0.64,-0.25,0.021,-0.05287247968526464
2023-10-12,-0.81,-1.49,0.11,1.19,-0.21,0.021,-0.06523871330892704
2023-10-13,-0.59,-0.35,0.06,0.08,0.45,0.021,-0.03714635297591039
2023-10-16,1.13,0.58,-0.1,-0.36,-0.01,0.021,-0.0013064174244844344
2023-10-17,0.09,1.04,0.7,-0.09,0.33,0.021,0.009042993113079673
2023-10-18,-1.46,-0.6,-0.18,0.87,0.45,0.021,-0.06162503414849328
2023-10-19,-0.92,-0.54,-0.22,-0.05,-0.01,0.021,-0.04705860696244378
2023-10-20,-1.32,0.08,-0.15,0.2,0.38,0.021,-0.0031627823133713977
2023-10-23,-0.23,-0.58,-0.78,0.18,-0.44,0.021,-0.016618843225450024
2023-10-24,0.74,0.09,-0.58,-0.91,0.16,0.021,-0.004642353622433242
2023-10-25,-1.57,-0.02,0.85,1.49,0.19,0.021,-0.0521158767541675
2023-10-26,-1.15,1.19,1.68,-0.75,0.51,0.021,-0.013247989970260537
2023-10-27,-0.52,-0.59,-0.59,0.43,-0.97,0.021,-0.04297810489620589
2023-10-30,1.15,-0.33,0.29,-0.15,0.17,0.021,-0.0007752457425938934
2023-10-31,0.63,0.06,-0.06,-0.84,0.06,0.021,-0.014392024215765891
2023-11-01,0.93,-0.69,-0.02,0.12,-0.7,0.021,-0.02756459708565882
2023-11-02,1.94,0.71,1.63,-0.23,0.54,0.021,0.0230528217941889
2023-11-03,1.1,1.74,0.61,-1.19,0.18,0.021,0.0011519038277753198
2023-11-06,0.01,-1.24,-0.64,0.88,-0.19,0.021,-0.031319858836511436
2023-11-07,0.35,-0.39,-1.22,-1.28,-0.05,0.021,-0.0032731935777841996
2023-11-08,-0.03,-1.01,-0.46,0.44,0.05,0.021,-0.16393037141900677
2023-11-09,-0.89,-1.02,0.49,0.53,-0.29,0.021,-0.0730023854969447
2023-11-10,1.49,-0.62,-0.44,0.74,-0.36,0.021,0.01683098617803593
2023-11-13,-0.05,0.07,-0.26,-0.3,-0.18,0.021,-0.0112793582223417
2023-11-14,2.18,3.23,1.2,-0.98,-0.24,0.021,0.0018639676039950044
2023-11-15,0.18,0.13,0.5,-0.13,0.5,0.021,-0.04100000897575827
2023-11-16,-0.11,-1.5,-0.3,-0.46,-0.36,0.021,-0.06781871189166631
2023-11-17,0.25,1.22,0.63,0.03,0.36,0.021,-0.0008488258065229952
2023-11-20,0.73,-0.11,-0.29,-0.31,-0.3,0.021,-0.017296329437240448
2023-11-21,-0.32,-0.95,-0.61,0.42,-0.03,0.021,-0.03945019597244458
2023-11-22,0.47,0.18,-0.04,-0.38,0.0,0.021,0.009075218970135652
2023-11-24,0.11,0.62,0.18,-0.51,0.24,0.021,-0.012484222317486453
2023-11-27,-0.23,-0.13,-0.09,0.13,-0.24,0.021,-0.008937227752728077
2023-11-28,0.05,-0.3,0.04,-0.17,0.02,0.021,0.008797376611428116
2023-11-29,0.01,0.58,0.69,-0.76,-0.05,0.021,0.011407375213541866
2023-11-30,0.35,-0.41,0.01,-0.11,0.18,0.021,-0.034452901853442505
2023-12-01,0.81,2.23,1.07,-0.37,0.57,0.021,0.038090851456667255
2023-12-04,-0.44,1.5,0.51,-0.43,0.78,0.021,0.0036781656053456353
2023-12-05,-0.21,-1.06,-0.83,0.2,-0.43,0.021,0.08161775106424564
2023-12-06,-0.4,0.36,0.32,-0.22,0.24,0.021,0.04927547422203772
2023-12-07,0.81,0.1,0.47,0.07,-0.2,0.021,-0.0023665416199701687
2023-12-08,0.44,0.16,0.52,-0.14,-0.1,0.021,0.0007770043526761534
2023-12-11,0.36,-0.44,-0.12,0.02,0.68,0.021,-0.022704987627437095
2023-12-12,0.34,-0.64,-0.88,-0.36,-0.21,0.021,-0.02783176118236073
2023-12-13,1.55,1.93,1.35,-0.99,0.15,0.021,0.009954398377884383
2023-12-14,0.5,1.84,2.03,0.04,0.42,0.021,-0.012659684455490133
2023-12-15,-0.06,-0.59,-0.57,0.13,-0.35,0.021,-0.054085241286698324
2023-12-18,0.42,-0.51,-0.37,0.34,-0.25,0.021,-0.00046956942622831607
2023-12-19,0.72,1.5,0.69,-0.37,0.06,0.021,0.08293962610212126
2023-12-20,-1.55,-0.34,0.13,0.75,0.06,0.021,-0.06276159358760101
2023-12-21,1.09,0.75,-0.04,-0.58,-0.18,0.021,0.0003946481943023668
2023-12-22,0.2,0.61,0.1,-0.65,0.2,0.021,-0.016345270415491924
2023-12-26,0.48,0.82,0.44,-0.33,-0.15,0.021,-0.021772218457847475
2023-12-27,0.16,0.16,0.11,-0.32,-0.14,0.021,0.0037295717832671778
2023-12-28,-0.01,-0.39,0.04,-0.31,0.16,0.021,-0.02703317664594061
2023-12-29,-0.43,-1.13,-0.37,0.68,-0.08,0.021,-0.05438395477007894
2024-01-02,-0.7,-0.26,0.79,0.68,0.62,0.022,-0.051042377724203704
2024-01-03,-1.01,-1.93,-0.11,0.36,-0.19,0.022,-0.06888762563232961
2024-01-04,-0.33,0.24,0.09,-0.43,0.25,0.022,-0.005884683545542814
2024-01-05,0.15,-0.59,0.63,0.1,-0.17,0.022,-0.029512454286519475
2024-01-08,1.49,0.54,-1.27,-0.98,-0.45,0.022,0.022575249593565404
2024-01-09,-0.21,-0.75,-0.89,-0.3,-0.17,0.022,-0.039713386930546136
2024-01-10,0.51,-0.29,-0.44,0.24,-0.18,0.022,-0.02691798908855856
2024-01-11,-0.14,-0.66,-0.52,0.45,-0.12,0.022,-0.057420122983134016
2024-01-12,-0.01,-0.22,-0.49,0.12,-0.25,0.022,-0.08092396055811532
2024-01-16,-0.47,-0.88,-0.61,0.14,-0.26,0.022,-0.030166982654205456
2024-01-17,-0.59,-0.16,-0.25,0.26,-0.23,0.022,-0.047617628438026395
2024-01-18,0.87,-0.27,-0.35,0.71,-0.2,0.022,-0.020122022677928376
2024-01-19,1.19,-0.39,0.67,-0.04,-0.24,0.022,-0.018251175110870023
2024-01-22,0.38,1.83,0.58,-0.43,0.09,0.022,0.00414376582389233
2024-01-23,0.22,-0.7,-0.55,-0.17,0.22,0.022,-0.025639669034220304
2024-01-24,-0.01,-0.78,0.05,0.26,-0.38,0.022,-0.03478533261068915
2024-01-25,0.46,0.2,0.57,-0.19,0.55,0.022,-0.032175819248993466
2024-01-26,-0.02,0.35,-0.27,0.22,-0.03,0.022,-0.01358877063624251
2024-01-29,0.85,0.89,-0.59,-1.12,-0.32,0.022,0.02619281367952555
2024-01-30,-0.12,-0.96,0.85,0.99,0.14,0.022,-0.048525214819137054
2024-01-31,-1.74,-0.89,-0.29,-0.21,0.36,0.022,-0.04652320183022316
2024-02-01,1.23,0.33,-1.35,-0.05,-0.28,0.021,-0.005171314719102021
2024-02-02,0.99,-1.57,-0.51,-0.17,-1.41,0.021,-0.02008338872395075
2024-02-05,-0.41,-0.94,-0.66,0.1,-0.14,0.021,-0.05396700129689212
2024-02-06,0.27,0.76,-0.47,-0.74,0.59,0.021,-0.00016673251775510198
2024-02-07,0.77,-1.02,-0.61,0.62,-0.82,0.021,-0.0005918114584061267
2024-02-08,0.21,1.41,0.01,-0.53,-0.2,0.021,-0.0009999757246538059
2024-02-09,0.65,0.84,-0.42,-0.33,-0.42,0.021,0.008411757206084575
2024-02-12,0.04,1.65,1.11,-0.04,0.44,0.021,0.018826842471913924
2024-02-13,-1.6,-2.53,-0.65,0.78,-0.05,0.021,-0.03515487702365959
2024-02-14,1.14,1.37,-0.22,-1.55,-0.18,0.021,0.1090675626694503
2024-02-15,0.67,1.22,1.05,-0.2,0.26,0.021,-0.01801046625479073
2024-02-16,-0.53,-0.65,-0.18,0.08,0.19,0.021,0.022219070075164233
2024-02-20,-0.73,-0.7,0.33,0.39,0.53,0.021,-0.014571417672293623
2024-02-21,-0.02,-0.66,0.14,0.88,0.2,0.021,-0.05648616001314709
2024-02-22,2.02,-1.56,-1.29,0.38,-1.17,0.021,0.00696174467802026
2024-02-23,0.02,0.32,0.0,0.09,-0.11,0.021,0.015506747706454233
2024-02-26,-0.26,0.98,-0.12,-0.74,0.0,0.021,0.05565750313829988
2024-02-27,0.27,1.25,-0.44,-1.13,0.68,0.021,0.021334819817339885
2024-02-28,-0.26,-0.9,-0.01,-0.05,0.54,0.021,-0.028384667029747606
2024-02-29,0.53,-0.17,0.98,0.27,-0.71,0.021,-0.009840650059449545
2024-03-01,0.76,0.01,-0.55,-0.24,-0.13,0.021,-0.0044457102020468535
2024-03-04,-0.18,-0.61,0.34,-0.19,0.24,0.021,-0.017984364457742968
2024-03-05,-1.07,0.03,1.17,0.94,0.58,0.021,-0.06309253703645733
2024-03-06,0.53,-0.25,-0.03,-1.09,-0.03,0.021,0.008504036682396427
2024-03-07,1.02,-0.48,0.03,0.39,-0.73,0.021,-0.023438963970067155
2024-03-08,-0.66,0.62,0.57,-0.37,0.54,0.021,0.018119765633962576
2024-03-11,-0.2,-0.63,0.4,0.45,0.62,0.021,-0.029235258214614018
2024-03-12,1.04,-1.17,-0.69,0.52,-0.75,0.021,-0.04887670247262964
2024-03-13,-0.14,0.34,-0.02,-0.04,0.17,0.021,0.02597989545075809
2024-03-14,-0.42,-1.47,-1.04,1.05,-0.09,0.021,0.03086476675771412
2024-03-15,-0.58,0.96,0.79,-0.1,0.4,0.021,-0.015459812426783608
2024-03-18,0.53,-1.02,-0.25,0.21,-0.13,0.021,-0.017694244231216332
2024-03-19,0.54,0.47,-0.27,0.48,0.05,0.021,-0.07426740044603262
2024-03-20,1.02,1.04,1.01,-0.23,-0.06,0.021,0.05556610860491941
2024-03-21,0.42,0.35,0.95,0.25,0.06,0.021,0.007556072300436107
2024-03-22,-0.23,-0.98,-0.53,0.28,-0.37,0.021,-0.06238297062403374
2024-03-25,-0.27,-0.1,0.86,-0.22,-0.18,0.021,0.021622990118265756
2024-03-26,-0.26,0.09,-0.13,-0.5,0.23,0.021,-0.01051777967823973
2024-03-27,0.88,1.29,0.92,-0.15,0.58,0.021,0.01686304544802088
2024-03-28,0.11,0.45,0.49,-0.06,0.09,0.021,-0.015003051948417317
2024-04-01,-0.27,-0.9,-0.28,0.35,-0.32,0.021,-0.056767478557961035
2024-04-02,-0.85,-1.03,0.03,0.26,0.05,0.021,-0.03181911829590532
2024-04-03,0.17,0.33,-0.03,0.1,-0.19,0.021,-0.020479254107504823
2024-04-04,-1.22,0.22,0.15,0.02,0.07,0.021,-0.06056264225683937
2024-04-05,1.06,-0.51,-0.68,-0.28,-0.58,0.021,-0.02371008901580172
2024-04-08,0.01,0.54,0.14,-0.24,0.1,0.021,-0.012304355938628758
2024-04-09,0.13,0.31,-0.32,-0.17,0.07,0.021,-0.03500863342474424
2024-04-10,-1.0,-1.56,-1.04,0.37,-0.44,0.021,-0.01881415753032743
2024-04-11,0.73,0.05,-0.62,0.13,-0.53,0.021,0.014986905230149578
2024-04-12,-1.53,-0.37,0.11,0.66,-0.25,0.021,-0.07521056245502676
2024-04-15,-1.29,-0.24,0.76,0.84,0.43,0.021,-0.06440560985537801
2024-04-16,-0.23,-0.28,-0.83,0.03,-0.25,0.021,-0.014019259560404378
2024-04-17,-0.64,-0.38,0.56,-0.32,0.53,0.021,-0.03428709123815142
2024-04-18,-0.27,-0.1,0.87,-0.03,0.28,0.021,-0.021
2024-04-19,-0.82,1.25,1.9,-0.1,1.29,0.021,-0.047346649001729676
2024-04-22,0.87,-0.12,0.54,-0.24,0.0,0.021,0.012674167261064535
2024-04-23,1.27,0.57,0.0,-0.16,-0.61,0.021,0.004014560315099742
2024-04-24,-0.01,-0.29,0.28,0.23,-0.01,0.021,-0.03859372068818266
2024-04-25,-0.47,-0.39,-0.2,0.41,-0.1,0.021,-0.03197623527272829
2024-04-26,1.04,0.21,-1.07,0.02,-0.43,0.021,0.023392423147056047
2024-04-29,0.34,0.34,-0.48,0.22,-0.11,0.021,-0.05120128822844748
2024-04-30,-1.67,-0.27,-0.25,-0.6,0.62,0.021,-0.07001962941118366
2024-05-01,-0.27,0.96,0.03,-1.39,0.09,0.02,-0.010297158906433328
2024-05-02,1.01,0.73,-0.03,0.0,-0.79,0.02,0.03765771854750534
2024-05-03,1.18,-0.05,-0.19,0.43,-0.53,0.02,-0.0006927801928619907
2024-05-06,1.08,-0.02,-0.06,-0.24,-0.69,0.02,-0.029470755936954456
2024-05-07,0.05,0.02,-0.6,0.18,0.24,0.02,-0.00818902832605704
2024-05-08,-0.09,-0.4,0.58,0.71,0.15,0.02,-0.02778206733905562
2024-05-09,0.52,0.52,0.37,0.01,0.06,0.02,-0.0508123883840441
2024-05-10,0.09,-0.91,0.01,0.49,-0.06,0.02,-0.08184969607004576
2024-05-13,-0.04,0.25,-0.26,0.14,0.24,0.02,0.02066542612614077
2024-05-14,0.56,0.52,0.02,-0.17,-0.03,0.02,0.04690355884842658
2024-05-15,1.15,-0.46,-0.22,-0.41,-0.37,0.02,0.007746947130879995
2024-05-16,-0.25,-0.22,-0.01,-0.04,0.38,0.02,-0.05347736630176435
2024-05-17,0.11,-0.23,0.4,-0.19,-0.11,0.02,0.1023464011580484
2024-05-20,0.14,0.16,-0.88,0.15,-0.65,0.02,0.017332005689576286
2024-05-21,0.15,-0.43,0.18,0.41,-0.3,0.02,-0.014241893905654984
2024-05-22,-0.35,-0.4,-0.37,-0.44,-0.05,0.02,-0.08202286707271843
2024-05-23,-0.84,-0.68,-0.64,1.3,-0.63,0.02,-0.0413631780037491
2024-05-24,0.72,0.16,0.15,0.29,-0.38,0.02,0.046008340585851584
2024-05-28,-0.04,0.13,-0.88,0.1,-1.12,0.02,-0.02195031277820379
2024-05-29,-0.77,-0.4,-0.62,0.46,-0.02,0.02,0.010043956607118449
2024-05-30,-0.53,1.36,1.0,0.33,1.06,0.02,0.015807498264073034
2024-05-31,0.68,-0.02,0.78,0.94,0.78,0.02,-0.0630403171927739
2024-06-03,0.05,-0.32,-0.57,0.36,-0.44,0.022,-0.0038181303803319425
2024-06-04,-0.06,-1.28,-0.77,-0.21,-0.12,0.022,-0.04549623984334648
2024-06-05,1.23,0.33,-0.61,-0.45,-0.68,0.022,0.016017275364500504
2024-06-06,-0.06,-0.57,-0.07,-0.04,-0.17,0.022,0.04290494382650369
2024-06-07,-0.23,-0.94,0.07,0.35,0.19,0.022,-0.05639264396143937
2024-06-10,0.27,-0.15,-0.28,-0.21,-0.44,0.022,0.0339062107329551
2024-06-11,0.2,-0.19,-1.06,0.24,-0.21,0.022,-0.030539742198459653
2024-06-12,0.94,0.73,0.09,0.09,-0.34,0.022,-0.0013281023350890445
2024-06-13,0.05,-1.02,-0.63,0.98,-0.03,0.022,-0.03845575039841052
2024-06-14,-0.16,-1.48,-0.64,0.14,0.07,0.022,-0.060181012871698726
2024-06-17,0.78,-0.32,0.52,0.91,0.23,0.022,-0.02958251898820006
2024-06-18,0.2,-0.45,0.37,0.28,-0.1,0.022,-0.039528062456109715
2024-06-20,-0.3,-0.35,0.25,-0.63,0.32,0.022,-0.027946983736755728
2024-06-21,-0.13,0.44,-0.51,-0.81,0.17,0.022,0.003770887486792128
2024-06-24,-0.26,0.61,1.09,-0.01,0.64,0.022,-0.06327411567996252
2024-06-25,0.31,-0.83,-1.21,0.08,-1.2,0.022,0.01403175106111345
2024-06-26,0.16,-0.01,-0.21,0.45,-0.28,0.022,-0.014321586224910844
2024-06-27,0.14,0.53,-0.39,-0.97,-0.11,0.022,-0.009449543104071069
2024-06-28,-0.35,1.01,1.27,-0.19,0.71,0.022,-0.016687962325178753
2024-07-01,0.23,-1.06,-0.48,0.48,-0.34,0.021,-0.017477241995602504
2024-07-02,0.57,-0.47,0.4,0.49,-0.61,0.021,-0.035480114866070486
2024-07-03,0.48,-0.29,-0.69,-0.03,0.58,0.021,-0.0018548387041984297
2024-07-05,0.48,-0.79,-1.43,-0.33,-1.03,0.021,-0.030174272174407695
2024-07-08,0.1,0.52,-0.19,-0.33,0.47,0.021,-0.047014115725265135
2024-07-09,0.0,-0.61,0.5,-0.48,0.67,0.021,0.002087380052466243
2024-07-10,0.97,-0.13,0.41,0.2,0.18,0.021,-0.033389410704394815
2024-07-11,-0.6,4.21,1.77,-1.03,-0.09,0.021,-0.03354474834790454
2024-07-12,0.58,0.63,-0.47,-0.47,0.13,0.021,-0.010110718641164734
2024-07-15,0.38,1.17,0.57,-0.23,-0.37,0.021,0.05350627451762614
2024-07-16,0.82,2.77,1.34,-0.62,0.05,0.021,0.007821997131009967
2024-07-17,-1.49,0.5,2.46,0.78,-0.11,0.021,-0.03927035610734529
2024-07-18,-0.95,-1.13,0.03,0.97,0.4,0.021,-0.07683128058028853
2024-07-19,-0.68,0.08,-0.13,-0.12,-0.49,0.021,0.004405165380828708
2024-07-22,1.08,0.53,-0.55,-0.34,0.69,0.021,-0.020572822343143265
2024-07-23,-0.07,1.15,0.01,-0.44,-0.17,0.021,-0.04448416888423766
2024-07-24,-2.4,0.04,1.73,0.13,0.05,0.021,-0.08483913153674504
2024-07-25,-0.3,1.65,0.67,-0.13,0.14,0.021,-0.03174262232020185
2024-07-26,1.1,0.55,-0.17,0.07,0.13,0.021,-0.020055691337323416
2024-07-29,-0.02,-0.99,-0.48,0.65,-0.22,0.021,-0.021943417785089663
2024-07-30,-0.5,0.71,1.37,0.42,-1.05,0.021,-0.057827227356313834
2024-07-31,1.52,-0.97,-1.34,0.5,1.4,0.021,-0.012666662770938291
2024-08-01,-1.61,-1.23,-0.65,0.87,-0.93,0.022,-0.038042777277682106
2024-08-02,-2.11,-1.19,-0.76,0.91,0.8,0.022,-0.13860082198811127
2024-08-05,-3.02,-0.34,0.01,-0.09,-0.16,0.022,-0.10365543361301019
2024-08-06,1.0,-0.04,-0.57,-0.12,0.27,0.022,0.026111997838493183
2024-08-07,-0.83,-0.46,0.71,0.68,-0.89,0.022,-0.027229416038752487
2024-08-08,2.38,0.09,-0.81,-0.55,0.07,0.022,0.013630763615677631
2024-08-09,0.43,-0.76,-0.34,0.23,-0.16,0.022,-0.01128366954522473
2024-08-12,-0.08,-0.87,-0.59,0.08,0.4,0.022,0.0125982609706339
2024-08-13,1.69,0.16,-0.74,-0.49,1.07,0.022,-0.02901192350030344
2024-08-14,0.3,-1.09,0.25,0.14,0.37,0.022,-0.008963619059893381
2024-08-15,1.77,0.96,-0.75,-0.45,0.42,0.022,0.026257353187077136
2024-08-16,0.22,0.04,0.77,-0.23,0.51,0.022,-5.098621147926752e-06
2024-08-19,0.98,0.23,-0.26,-1.03,0.48,0.022,-0.006984927363236505
2024-08-20,-0.31,-0.75,-0.65,0.38,-0.65,0.022,-0.04418938598142084
2024-08-21,0.51,0.85,-0.64,-0.42,0.19,0.022,-0.004349955480770419
2024-08-22,-0.96,-0.24,1.37,0.51,-0.24,0.022,-0.03637070917451677
2024-08-23,1.29,1.89,0.84,-0.5,0.71,0.022,0.039840195441388525
2024-08-26,-0.34,0.33,0.19,0.14,-0.05,0.022,-0.029575840359983153
2024-08-27,0.05,-0.88,0.02,0.28,0.24,0.022,-0.0029159569011991474
2024-08-28,-0.66,-0.21,1.15,0.57,-0.18,0.022,-0.0706891800472764
2024-08-29,0.07,0.67,0.3,-0.12,-1.21,0.022,-0.029381871101527658
2024-08-30,0.98,-0.56,0.06,-0.19,-0.14,0.022,-0.02447889126779488
2024-09-03,-2.26,-0.73,1.38,0.64,-0.81,0.02,-0.05727634039346173
2024-09-04,-0.22,0.12,-0.58,-0.27,-0.07,0.02,-0.03342283002668832
2024-09-05,-0.31,-0.06,-0.69,-0.25,0.02,0.02,0.009304000421593201
2024-09-06,-1.82,-0.08,0.18,0.33,-0.05,0.02,-0.05711233042221063
2024-09-09,1.09,-1.06,-0.73,-1.08,0.37,0.02,0.01801474620128964
2024-09-10,0.4,-0.28,-0.83,-0.08,-0.17,0.02,-0.017965365420254047
2024-09-11,1.04,-0.66,-1.64,-0.2,0.58,0.02,0.027715664482478326
2024-09-12,0.8,0.46,-0.52,0.39,-0.07,0.02,0.028449613835818583
2024-09-13,0.7,1.9,0.02,-0.28,0.3,0.02,-0.0001293753556448167
2024-09-16,0.16,0.0,0.91,0.37,-0.45,0.02,-0.013656574916887303
2024-09-17,0.08,0.77,0.55,0.39,-0.32,0.02,-0.0006393371048627298
2024-09-18,-0.25,0.26,0.27,0.05,-0.37,0.02,-0.006307359467829548
2024-09-19,1.77,0.33,-0.2,-0.19,-0.04,0.02,-0.026100274176162546
2024-09-20,-0.27,-0.78,-0.63,0.23,-0.35,0.02,-0.023507230406800455
2024-09-23,0.21,-0.81,-0.11,0.44,-0.24,0.02,-0.02131978794109222
2024-09-24,0.24,-0.12,-0.58,-0.28,0.81,0.02,-0.016916313106980035
2024-09-25,-0.29,-0.92,-0.7,-0.05,0.15,0.02,-0.03668867195765323
2024-09-26,0.43,0.22,0.43,-0.53,0.55,0.02,-0.018213447225646977
2024-09-27,-0.09,0.7,0.56,0.12,-0.07,0.02,0.045091353749815224
2024-09-30,0.37,-0.09,0.15,0.41,-0.02,0.02,-0.03967347531863673
2024-10-01,-0.97,-0.65,-0.03,0.8,-0.59,0.017,-0.06354142395546823
2024-10-02,0.0,-0.27,-0.18,-0.5,0.4,0.017,-0.0035651930996173226
2024-10-03,-0.23,-0.66,0.19,0.45,0.32,0.017,-0.025837775652133285
2024-10-04,1.03,0.48,0.28,-0.53,-0.17,0.017,0.003508206786181481
2024-10-07,-0.97,-0.2,0.29,0.07,0.77,0.017,0.0017855096828983813
2024-10-08,0.87,-0.75,-1.14,-0.31,0.21,0.017,0.08119901138487563
2024-10-09,0.69,-0.47,0.19,0.16,-0.23,0.017,-0.015438148878350696
2024-10-10,-0.2,-0.38,0.09,0.15,0.15,0.017,-0.02284793843123155
2024-10-11,0.75,1.27,0.76,-0.99,0.0,0.017,0.013196096382889114
2024-10-14,0.71,-0.12,-0.32,-0.11,0.48,0.017,0.010788333822452936
2024-10-15,-0.72,0.98,0.51,-0.26,-0.45,0.017,-0.024407435664424146
2024-10-16,0.52,1.04,0.54,-0.33,0.66,0.017,-0.012149213738205641
2024-10-17,-0.05,-0.09,0.16,0.29,0.07,0.017,-0.039651340640138186
2024-10-18,0.36,-0.43,-0.75,-0.58,0.14,0.017,0.002376908616838716
2024-10-21,-0.29,-1.37,-1.2,-0.17,0.44,0.017,-0.011781983225995427
2024-10-22,-0.11,-0.26,0.57,0.1,-0.32,0.017,-0.000685556349282121
2024-10-23,-0.97,-0.02,1.09,0.28,-0.09,0.017,-0.04290292186884813
2024-10-24,0.29,0.08,-0.29,-0.02,-0.34,0.017,0.0024756005826341992
2024-10-25,-0.08,-0.28,-0.83,0.07,-0.32,0.017,-0.022878025402212496
2024-10-28,0.38,1.34,0.63,-0.6,-0.09,0.017,0.013303019623347359
2024-10-29,0.15,-0.22,-1.08,-0.3,-0.13,0.017,-0.011619744246979966
2024-10-30,-0.33,0.17,0.75,0.41,-0.11,0.017,-0.010578366271217873
2024-10-31,-1.8,-0.01,0.64,0.42,0.19,0.017,-0.18431653550291938
2024-11-01,0.47,0.33,-1.07,-0.38,0.17,0.02,0.00043420804228790424
2024-11-04,-0.26,0.69,-0.55,0.17,0.37,0.02,-0.0053983983522798255
2024-11-05,1.3,0.66,-0.14,-0.41,-0.2,0.02,0.006315764707210975
2024-11-06,2.91,2.67,3.5,-0.08,-1.05,0.02,0.17631417089783222
2024-11-07,0.66,-0.91,-2.76,-0.03,0.22,0.02,-0.03674480876690488
2024-11-08,0.43,0.37,-0.51,-0.36,-0.76,0.02,0.020190745253586568
2024-11-11,0.32,1.13,0.84,-0.87,-0.75,0.02,0.05400125257966716
2024-11-12,-0.38,-1.34,0.14,0.59,0.49,0.02,-0.013902415622209157
2024-11-13,-0.12,-0.96,0.18,0.37,0.15,0.02,-0.053030307654178474
2024-11-14,-0.71,-0.69,0.71,0.7,0.16,0.02,-0.010285133977643728
2024-11-15,-1.38,-0.38,1.65,0.18,-0.3,0.02,-0.016896385154174336
2024-11-18,0.42,-0.36,-0.03,-0.11,-0.55,0.02,0.06292080230449272
2024-11-19,0.49,0.25,-1.64,-0.92,0.55,0.02,-0.013142809186662979
2024-11-20,0.04,0.06,-0.11,0.05,-0.07,0.02,0.0038365525703470023
2024-11-21,0.65,0.9,0.29,-0.38,0.64,0.02,-0.047439069518413576
2024-11-22,0.53,1.4,0.42,-0.69,-0.63,0.02,0.024457149230760606
2024-11-25,0.41,1.29,0.23,0.07,-0.46,0.02,0.012742070894454133
2024-11-26,0.42,-1.07,-0.67,0.54,-0.35,0.02,-0.057780722927994285
2024-11-27,-0.4,0.44,0.47,-0.6,0.1,0.02,0.0137727462595645
2024-11-29,0.54,-0.05,-0.64,-0.06,0.32,0.02,-0.022921662839135642
2024-12-02,0.23,0.19,-0.66,0.51,-0.39,0.017,-0.01486899269029239
2024-12-03,0.04,-0.78,-0.56,0.36,-0.14,0.017,0.010113250577452063
2024-12-04,0.7,-0.19,-1.26,-1.08,-0.05,0.017,0.018196703722410126
2024-12-05,-0.28,-0.96,0.48,0.54,-0.11,0.017,-0.044000045776367167
2024-12-06,0.35,0.39,-1.06,-1.07,-0.7,0.017,0.05365776283088976
2024-12-09,-0.73,0.44,0.13,0.7,-0.03,0.017,-0.06811584706056827
2024-12-10,-0.36,0.1,0.14,1.13,-0.71,0.017,-0.07213404791853949
2024-12-11,0.87,-0.19,-0.58,-0.07,-0.39,0.017,-0.004152046723914324
2024-12-12,-0.62,-0.78,0.41,0.36,0.14,0.017,0.022376365551227365
2024-12-13,-0.05,-0.51,-0.3,0.32,-0.3,0.017,0.00512049050040532
2024-12-16,0.46,0.41,-1.06,-1.1,-0.93,0.017,0.05762686425532894
2024-12-17,-0.49,-0.54,-0.56,0.08,-0.07,0.017,-0.053342584886505215
2024-12-18,-3.17,-1.27,0.09,1.05,0.76,0.017,-0.12629615950803874
2024-12-19,-0.12,-0.25,-0.01,0.28,0.16,0.017,-0.02077570651111614
2024-12-20,1.07,-0.26,0.07,-1.2,0.64,0.017,0.02062867504117029
2024-12-23,0.61,-0.86,-0.2,0.29,0.66,0.017,-0.038654103610875054
2024-12-24,1.11,-0.12,-0.06,-0.11,-0.36,0.017,0.03846671549479165
2024-12-26,0.01,1.07,-0.19,-0.42,0.36,0.017,0.003212208187238233
2024-12-27,-1.17,-0.44,0.57,0.39,0.04,0.017,-0.050680053847879755
2024-12-30,-1.09,0.25,0.74,0.55,0.14,0.017,-0.035964676314337515
2024-12-31,-0.46,0.32,0.71,0.33,0.02,0.017,-0.043645780833079115
2025-01-02,-0.16,-0.02,-0.32,-0.65,0.61,0.019,0.03950779397152883
2025-01-03,1.34,0.29,-0.94,-1.26,0.37,0.019,0.029427989703798913
2025-01-06,0.55,-0.62,-0.33,-0.41,0.55,0.019,0.01388997969861418
2025-01-07,-1.18,0.13,0.84,0.2,-1.05,0.019,-0.06933944643570077
2025-01-08,0.1,-0.59,-0.12,0.78,-0.02,0.019,-0.012836292121907494
2025-01-10,-1.55,-0.82,-0.19,1.16,-0.51,0.019,-0.03688776078586685
2025-01-13,0.12,-0.18,1.2,0.77,-0.25,0.019,-0.031225590221583648
2025-01-14,0.17,0.77,1.65,0.42,-0.32,0.019,0.03581177470527143
2025-01-15,1.91,0.26,0.09,-0.58,-0.28,0.019,0.07199624531829464
2025-01-16,-0.19,0.15,0.18,-0.39,-0.28,0.019,-0.007586469664407996
2025-01-17,0.96,-0.59,0.09,-0.16,0.08,0.019,0.025921866592227078
2025-01-21,0.96,0.99,-1.02,-0.89,0.34,0.019,0.019421566261566787
2025-01-22,0.54,-0.97,-1.22,0.06,0.38,0.019,-0.015800003051757865
2025-01-23,0.48,-0.01,-0.26,-0.44,0.3,0.019,-0.015012743948407885
2025-01-24,-0.27,0.06,0.68,0.06,-0.6,0.019,-0.003908691177081019
2025-01-27,-1.49,0.32,2.52,-0.13,-1.7,0.019,-0.08511888349062123
2025-01-28,0.92,-0.51,-1.65,-0.58,0.51,0.019,0.01577167551422311
2025-01-29,-0.42,0.22,0.49,0.4,-0.53,0.019,0.016425100120356046
2025-01-30,0.58,0.34,-0.02,-0.29,0.06,0.019,0.017168102031924665
2025-01-31,-0.53,-0.38,-0.18,-0.39,-0.69,0.019,-0.03881130635963291
2025-02-03,-0.82,-0.68,-0.25,-0.23,-0.41,0.017,-0.017962449207435158
2025-02-04,0.77,0.81,-0.11,-0.32,-0.32,0.017,-0.003897875044633334
2025-02-05,0.39,0.49,0.3,-0.39,1.29,0.017,0.013810172603074503
2025-02-06,0.29,-0.56,0.6,0.33,0.35,0.017,-0.036003737629067153
2025-02-07,-0.98,-0.39,-0.02,-0.59,0.14,0.017,0.03359248700477448
2025-02-10,0.66,-0.1,-1.11,-0.08,0.28,0.017,-0.009660224795340663
2025-02-11,-0.14,-0.45,1.3,1.49,0.18,0.017,-0.06907037997760533
2025-02-12,-0.31,-0.66,-0.65,-0.94,0.03,0.017,0.031181471456173684
2025-02-13,1.1,0.22,-0.17,-0.33,0.38,0.017,0.12411964605940952
2025-02-14,0.02,-0.18,0.47,-0.14,0.75,0.017,0.006197485265432637
2025-02-18,0.25,-0.08,0.28,-0.49,0.16,0.017,-0.09114216058660328
2025-02-19,0.09,-0.61,-0.07,0.47,0.17,0.017,-0.037019839708234845
2025-02-20,-0.61,-0.54,-0.14,0.56,0.42,0.017,-0.07052014508601877
2025-02-21,-1.9,-0.86,0.77,0.59,0.07,0.017,-0.09655766660567432
2025-02-24,-0.57,-0.51,1.2,0.79,-0.09,0.017,-0.049364306556769696
2025-02-25,-0.59,0.15,0.7,1.5,-0.15,0.017,-0.0973124797060093
2025-02-26,0.02,-0.1,-0.34,-0.98,0.54,0.017,0.046806629399155045
2025-02-27,-1.65,-0.24,2.13,0.3,-1.0,0.017,-0.018432951832358588
2025-02-28,1.59,-0.81,0.13,-0.46,0.34,0.017,0.010060265023713724
2025-03-03,-1.93,-0.93,1.08,0.43,-0.88,0.016,-0.08007183996484067
2025-03-04,-1.27,0.35,-2.1,-0.22,0.25,0.016,-0.030288722065823323
2025-03-05,1.16,0.16,-0.83,-0.71,-0.22,0.016,0.025107694958921525
2025-03-06,-1.92,0.41,0.92,1.54,-0.11,0.016,-0.08416290216339793
2025-03-07,0.47,-0.06,-0.33,0.56,0.75,0.016,-0.025366681137674804
2025-03-10,-2.9,-0.18,0.72,1.58,0.33,0.016,-0.21388377899968702
2025-03-11,-0.63,0.79,-0.13,-1.19,-0.45,0.016,0.004488339050025894
2025-03-12,0.51,-0.44,-0.33,-1.4,0.49,0.016,0.05440697237680815
2025-03-13,-1.49,-0.66,1.42,0.08,0.7,0.016,-0.0905117638133801
2025-03-14,2.21,0.21,0.08,-0.71,0.09,0.016,0.07339481343091127
2025-03-17,0.72,0.33,0.14,-0.54,0.05,0.016,0.05484604129419336
2025-03-18,-1.13,0.1,1.03,0.37,-0.18,0.016,-0.061692574077253357
2025-03-19,1.2,0.44,-0.41,-0.02,-0.45,0.016,0.051331692410959265
2025-03-20,-0.24,-0.42,0.22,-0.13,0.18,0.016,0.004093472562655812
2025-03-21,0.08,-0.44,-0.71,-0.07,-0.29,0.016,3.299966527482712e-05
2025-03-24,1.93,0.56,-0.43,-0.55,-0.42,0.016,0.07417132427781305
2025-03-25,0.12,-0.89,0.05,0.17,-0.68,0.016,-0.020342412775480975
2025-03-26,-1.22,0.09,1.52,1.12,-0.14,0.016,-0.08702807632943586
2025-03-27,-0.42,0.23,0.3,0.29,-0.14,0.016,-0.032543659095520136
2025-03-28,-2.07,-0.32,0.4,0.37,0.75,0.016,-0.06305622710932411
2025-03-31,0.4,-0.86,0.37,1.18,-0.11,0.016,-0.023156470662319614
